{
  "lightgbm": {
    "n": 322,
    "metrics": {
      "P@K": {
        "mean": 0.789514709079194,
        "win": 0.2515527950310559,
        "p_vs_pk": NaN
      },
      "AP": {
        "mean": 0.7191815742703083,
        "win": 0.2111801242236025,
        "p_vs_pk": 0.0011965086508385358
      },
      "AUC": {
        "mean": 0.7702303560043271,
        "win": 0.1956521739130435,
        "p_vs_pk": 0.8496291857097562
      },
      "logloss": {
        "mean": 0.7140223670323105,
        "win": 0.3416149068322981,
        "p_vs_pk": 0.0006085740644920684
      }
    }
  },
  "rf": {
    "n": 329,
    "metrics": {
      "P@K": {
        "mean": 0.710348024425823,
        "win": 0.23404255319148937,
        "p_vs_pk": NaN
      },
      "AP": {
        "mean": 0.6633719661254038,
        "win": 0.24924012158054712,
        "p_vs_pk": 0.0005682097127197059
      },
      "AUC": {
        "mean": 0.7166680311011236,
        "win": 0.19148936170212766,
        "p_vs_pk": 0.5256541988852483
      },
      "logloss": {
        "mean": 0.7459567077345093,
        "win": 0.3252279635258359,
        "p_vs_pk": 0.4827990042309699
      }
    }
  },
  "logreg": {
    "n": 288,
    "metrics": {
      "P@K": {
        "mean": 0.7497829075577054,
        "win": 0.2777777777777778,
        "p_vs_pk": NaN
      },
      "AP": {
        "mean": 0.6305043435304203,
        "win": 0.2743055555555556,
        "p_vs_pk": 0.0002855373143256866
      },
      "AUC": {
        "mean": 0.8394934830019609,
        "win": 0.1597222222222222,
        "p_vs_pk": 0.04844222508495198
      },
      "logloss": {
        "mean": 0.6971572163275092,
        "win": 0.2881944444444444,
        "p_vs_pk": 0.5371903084665157
      }
    }
  }
}