{
  "ndat": 93,
  "nrows": 625,
  "ninfo": 322,
  "rho_meanreg_ratio": 0.1869299899300674,
  "rho_meanreg_count": -0.43009370048329654,
  "means": {
    "P@K": 0.789514709079194,
    "AP": 0.7191815742703083,
    "AUC": 0.7702303560043271,
    "logloss": 0.7140223670323105
  },
  "wins": {
    "P@K": 81,
    "AP": 68,
    "AUC": 63,
    "logloss": 110
  },
  "wilcoxon_p": {
    "P@K_vs_logloss": 0.0006085740644920684,
    "P@K_vs_AP": 0.0011965086508385358,
    "AP_vs_logloss": 0.5341522810817867,
    "P@K_vs_AUC": 0.8496291857097562
  }
}