{
  "oracle_pct": {
    "PK": 61.87761506276151,
    "AP": 62.574965132496516,
    "AUC": 59.956415620641565,
    "NLL": 57.193165969316595
  },
  "rules": {
    "pure AP": {
      "lightgbm": 0.7003220476649068,
      "rf": 0.6745306156367491,
      "logreg": 0.5835967564210295,
      "pooled": 0.6556459438892649
    },
    "pure P@k": {
      "lightgbm": 0.7090410025075083,
      "rf": 0.6702904206498699,
      "logreg": 0.7110447059658873,
      "pooled": 0.6959098628178104
    },
    "pure log-loss": {
      "lightgbm": 0.6792336598679614,
      "rf": 0.7858005453526699,
      "logreg": 0.7076250172005828,
      "pooled": 0.7256646840971548
    },
    "cascade AP->P@k(3)": {
      "lightgbm": 0.6796494000546448,
      "rf": 0.6592500732164367,
      "logreg": 0.5778575938195513,
      "pooled": 0.641431003179577
    },
    "rank-sum AP+P@k": {
      "lightgbm": 0.6625653030187223,
      "rf": 0.6714524569949398,
      "logreg": 0.6162284966748582,
      "pooled": 0.6516120964830249
    },
    "rank-min(AP,P@k)": {
      "lightgbm": 0.6728018155749605,
      "rf": 0.6549834899170063,
      "logreg": 0.6554843907718155,
      "pooled": 0.6612120843869252
    },
    "rank-sum AP+P@k+LL": {
      "lightgbm": 0.6811518163963776,
      "rf": 0.7269844048319998,
      "logreg": 0.6204509578116887,
      "pooled": 0.6789272323289418
    },
    "rank-sum all-4": {
      "lightgbm": 0.6645870280639159,
      "rf": 0.680354491250782,
      "logreg": 0.6328553261642654,
      "pooled": 0.6605192924651182
    }
  }
}