{
  "weights": {
    "lightgbm": {
      "n": 326,
      "pure": {
        "PK": 0.7090410025075083,
        "AP": 0.7003220476649068,
        "AUC": 0.7337294248187899,
        "NLL": 0.6792336598679614
      },
      "equal": 0.680838928528475,
      "best_w": {
        "PK": 0.3,
        "AP": 0.1,
        "AUC": 0.5,
        "NLL": 0.1
      },
      "best_r": 0.6345561008152444
    },
    "rf": {
      "n": 339,
      "pure": {
        "PK": 0.6702904206498699,
        "AP": 0.6745306156367491,
        "AUC": 0.7657382455118078,
        "NLL": 0.7858005453526699
      },
      "equal": 0.6716048929301248,
      "best_w": {
        "PK": 0.0,
        "AP": 0.3,
        "AUC": 0.4,
        "NLL": 0.3
      },
      "best_r": 0.6386930177711182
    },
    "logreg": {
      "n": 291,
      "pure": {
        "PK": 0.7110447059658873,
        "AP": 0.5835967564210295,
        "AUC": 0.8193324817860057,
        "NLL": 0.7076250172005828
      },
      "equal": 0.601982760719752,
      "best_w": {
        "PK": 0.2,
        "AP": 0.5,
        "AUC": 0.2,
        "NLL": 0.1
      },
      "best_r": 0.5579110535271334
    },
    "pooled": {
      "n": 956,
      "pure": {
        "PK": 0.6959098628178104,
        "AP": 0.6556459438892649,
        "AUC": 0.7711368304593683,
        "NLL": 0.7256646840971548
      },
      "equal": 0.653561226750045,
      "best_w": {
        "PK": 0.0,
        "AP": 0.3,
        "AUC": 0.4,
        "NLL": 0.3
      },
      "best_r": 0.6363994346083044
    }
  },
  "cascade": {
    "lightgbm": {
      "1": 0.7003220476649068,
      "2": 0.7095561767668777,
      "3": 0.6796494000546448,
      "5": 0.6592826600207092,
      "10": 0.6872750997847445,
      "30": 0.6876523653429301
    },
    "rf": {
      "1": 0.6745306156367491,
      "2": 0.6600867322997237,
      "3": 0.6592500732164367,
      "5": 0.6752091985283921,
      "10": 0.6595625699320996,
      "30": 0.6660552412075005
    },
    "logreg": {
      "1": 0.5835967564210295,
      "2": 0.5820966837236694,
      "3": 0.5778575938195513,
      "5": 0.5956076869170975,
      "10": 0.6055192707911549,
      "30": 0.6397107500645941
    },
    "pooled": {
      "1": 0.6556459438892649,
      "2": 0.6532163711707074,
      "3": 0.641431003179577,
      "5": 0.6455480150217067,
      "10": 0.6525622401015005,
      "30": 0.6654008641631117
    }
  }
}