{
 "ens_e1_beats_e1_isotime": 0.449685534591195,
 "ens_e2_beats_e2": 0.6792452830188679,
 "ens_e2_faster": 0.0,
 "n": 318,
 "n_e2": 318,
 "sig_ens_e1": {
  "mean": -0.0027198635620152476,
  "p": 0.24711057793695496,
  "winrate": 0.449685534591195,
  "n": 318
 },
 "sig_ens_e2": {
  "mean": 0.012293875704345147,
  "p": 2.3482232122352506e-08,
  "winrate": 0.6792452830188679,
  "n": 318
 }
}