budget,bohb,cmaes,gp,grid,hyperband,random,tpe
20,89.78600272725005,24.786356704657194,27.71974937503296,27.514091463969905,78.5214958182819,34.81392904643614,27.634433851154952
40,138.90449220459254,51.83884443553269,50.80386422703472,48.211106661467745,133.25208246762398,67.68585890268639,51.94265612821555
80,236.80756345715332,107.39092800272255,99.26222765819142,101.94417039249917,208.57598762397024,130.92704545062588,104.708796806463
160,474.8756081429058,218.23122036737504,195.84995950506536,199.24244168262138,367.7306589019759,259.50144238506147,181.9068923636875
