{
 "n_datasets": 89,
 "fracs": [
  0.1,
  0.2,
  0.3,
  0.4,
  0.5,
  0.6,
  0.7,
  0.8,
  0.9,
  1.0
 ],
 "seeds": [
  0,
  1
 ],
 "ap_by_frac": {
  "E1-retrain": {
   "0.1": 0.4999,
   "0.2": 0.5493,
   "0.3": 0.5733,
   "0.4": 0.5875,
   "0.5": 0.6016,
   "0.6": 0.6079,
   "0.7": 0.6115,
   "0.8": 0.6187,
   "0.9": 0.6253,
   "1.0": 0.6304
  },
  "E1-noretrain": {
   "0.1": 0.4868,
   "0.2": 0.5403,
   "0.3": 0.562,
   "0.4": 0.5774,
   "0.5": 0.5926,
   "0.6": 0.5988,
   "0.7": 0.605,
   "0.8": 0.6112,
   "0.9": 0.6181,
   "1.0": 0.6219
  },
  "E2-retrain": {
   "0.1": 0.5023,
   "0.2": 0.5561,
   "0.3": 0.579,
   "0.4": 0.594,
   "0.5": 0.6046,
   "0.6": 0.6103,
   "0.7": 0.6168,
   "0.8": 0.6222,
   "0.9": 0.6254,
   "1.0": 0.6321
  },
  "E2-noretrain": {
   "0.1": 0.5106,
   "0.2": 0.5635,
   "0.3": 0.581,
   "0.4": 0.5973,
   "0.5": 0.6089,
   "0.6": 0.6103,
   "0.7": 0.6192,
   "0.8": 0.6243,
   "0.9": 0.6287,
   "1.0": 0.6348
  }
 },
 "time_by_frac": {
  "E1": {
   "0.1": 6.6,
   "0.2": 18.7,
   "0.3": 23.7,
   "0.4": 36.8,
   "0.5": 38.9,
   "0.6": 52.9,
   "0.7": 51.8,
   "0.8": 68.2,
   "0.9": 64.7,
   "1.0": 87.6
  },
  "E2": {
   "0.1": 8.3,
   "0.2": 20.3,
   "0.3": 26.1,
   "0.4": 40.1,
   "0.5": 42.9,
   "0.6": 58.7,
   "0.7": 55.1,
   "0.8": 77.9,
   "0.9": 69.3,
   "1.0": 93.6
  }
 },
 "time_overall": {
  "E1": 45.0,
  "E2": 49.2
 },
 "E1_vs_E2": {
  "mean": -0.003725736116339969,
  "p": 9.169660229196019e-07,
  "winrate_E1": 0.4297752808988764,
  "n": 1780
 },
 "crossover": {
  "low": {
   "mean": -0.004929148120834491,
   "winrate_E1": 0.43820224719101125,
   "p": 0.006166782378251698,
   "n": 534
  },
  "high": {
   "mean": -0.0017713079606204833,
   "winrate_E1": 0.4250936329588015,
   "p": 0.09235990662569506,
   "n": 534
  }
 },
 "retrain": {
  "E1": {
   "mean": 0.009118294122897216,
   "p": 1.928103452162517e-36,
   "winrate_retrain": 0.6932584269662921,
   "n": 1780
  },
  "E2": {
   "mean": -0.0036021583782548023,
   "p": 1.4133233635762644e-10,
   "winrate_retrain": 0.43820224719101125,
   "n": 1780
  }
 }
}