{
 "iso18": {
  "gain": 9.514778118261458e-05,
  "winrate": 0.44339622641509435,
  "n": 636
 },
 "b40": {
  "gain": 0.0013017544766385444,
  "winrate": 0.47955974842767296,
  "n": 636
 }
}