{
 "n": 318,
 "ap_retrain": 0.6779128062701412,
 "ap_noretrain": 0.6792778113605508,
 "t_retrain": 70.91716910776742,
 "t_noretrain": 54.194504868644785,
 "delta": 0.001365005090409612,
 "p": 0.07724151301306802,
 "winrate_nr": 0.4716981132075472
}