{
 "n": 160,
 "n_total": 160,
 "ens_e2_vs_ens_e1_at": {
  "mean": 0.014720853383344557,
  "p": 4.3920950858785926e-17,
  "winrate": 0.86875,
  "n": 160
 },
 "ens_e2_vs_e1_at": {
  "mean": 0.013023319767833427,
  "p": 1.2810654296708985e-06,
  "winrate": 0.75,
  "n": 160
 },
 "ens_e2_vs_e2_at": {
  "mean": 0.010387926248914546,
  "p": 1.9847752423064458e-05,
  "winrate": 0.75625,
  "n": 160
 },
 "mean_ap": {
  "e1_ap": 0.6923944475802633,
  "e1_at": 0.6908555969935277,
  "ens_e1": 0.687918111434999,
  "ens_e1_at": 0.6891580633780165,
  "e2_ap": 0.69348698305358,
  "e2_at": 0.6934909905124466,
  "ens_e2": 0.7038789167613612
 },
 "mean_t": {
  "e1_t": 36.585253246524644,
  "e1_at_t": 215.0754724847242,
  "ens_e1_t": 18.981523552742015,
  "ens_e1_at_t": 220.70046086127064,
  "e2_t": 40.65178807477626,
  "e2_at_t": 216.80850492003736,
  "e2ens_t": 215.69933719351167
 }
}